TerritoryID,TerritoryNumber,CategoryCode,Category,TerritoryAddressID,ApartmentNumber,Number,Street,Suburb,PostalCode,State,Name,Phone,Type,Status,NotHomeAttempt,Date1,Date2,Date3,Date4,Date5,Language,Latitude,Longitude,Notes,NotesFromPublisher
4755744,104,,,3677685,,,Whangamaru Way,Pahurehure,2010,Auckland,,,House,Available,0,,,,,,,-37.0583254,174.9313723,,
4755744,104,,,9310897,,,Albert Street,Papakura,2110,Auckland,,,House,Available,0,,,,,,,-37.07205057,174.9473948,,
4755744,104,,,7154427,,,Albion Place,Papakura,2110,Auckland,,,House,Available,0,,,,,,,-37.06654513,174.9598221,,
4755744,104,,,4664772,,,Alf Walker Place,Papakura,2110,Auckland,,,House,Available,0,,,,,,,-37.06017072,174.9480227,,
4755744,104,,,5209254,,,Alliance Lane,Papakura,2110,Auckland,,,House,Available,0,,,,,,,-37.05141227,174.9407317,,
4755744,104,,,5707166,,,Alma Crescent,Papakura,2110,Auckland,,,House,Available,0,,,,,,,-37.05915707,174.9508604,,
4755744,104,,,8729182,,,Alpha Street,Papakura,2110,Auckland,,,House,Available,0,,,,,,,-37.06255997,174.948683,,
4755744,104,,,2132555,,,Ancroft Street,Papakura,2110,Auckland,,,House,Available,0,,,,,,,-37.05340182,174.9637091,,
4755744,104,,,9343063,,,Arahopu Place,Papakura,2110,Auckland,,,House,Available,0,,,,,,,-37.04879251,174.950022,,
4755744,104,,,5352797,,,Aramata Road,Papakura,2110,Auckland,,,House,Available,0,,,,,,,-37.04847385,174.9510742,,
4755744,104,,,2643810,,,Arapapa Road,Papakura,2110,Auckland,,,House,Available,0,,,,,,,-37.04865713,174.9504366,,
4755744,104,,,8352193,,,Arawa Street,Papakura,2110,Auckland,,,House,Available,0,,,,,,,-37.06580343,174.9491004,,
4755744,104,,,3285852,,,Arawai Terrace,Papakura,2110,Auckland,,,House,Available,0,,,,,,,-37.05182897,174.971308124714,,
4755744,104,,,1336673,,,Arimu Road,Papakura,2110,Auckland,,,House,Available,0,,,,,,,-37.050968,174.9378066,,
4755744,104,,,8517482,,,Artillery Drive,Papakura,2110,Auckland,,,House,Available,0,,,,,,,-37.05557405,174.9439641,,
4755744,104,,,5776384,,,Artistry Lane,Papakura,2110,Auckland,,,House,Available,0,,,,,,,-37.05246715,174.9468679,,
4755744,104,,,2477821,,,Bates Street,Papakura,2110,Auckland,,,House,Available,0,,,,,,,-37.0678803,174.9552185,,
4755744,104,,,7654312,,,Beardmore Lane,Papakura,2110,Auckland,,,House,Available,0,,,,,,,-37.0514877,174.9412338,,
4755744,104,,,4235115,,,Bei Road,Papakura,2110,Auckland,,,House,Available,0,,,,,,,-37.04896788,174.9494623,,
4755744,104,,,4985092,,,Belgrave Place,Papakura,2110,Auckland,,,House,Available,0,,,,,,,-37.0603064,174.9649146,,
4755744,104,,,9378856,,,Bellbird Street,Papakura,2110,Auckland,,,House,Available,0,,,,,,,-37.0509314,174.9530309,,
4755744,104,,,4890498,,,Bhangal Lane,Papakura,2110,Auckland,,,House,Available,0,,,,,,,-37.06397333,174.954592,,
4755744,104,,,2270206,,,Bravery Road,Papakura,2110,Auckland,,,House,Available,0,,,,,,,-37.04747166,174.9427259,,
4755744,104,,,2327819,,,Brightwell Street,Papakura,2110,Auckland,,,House,Available,0,,,,,,,-37.05327892,174.9626865,,
4755744,104,,,5160531,,,Brynbela Court,Papakura,2110,Auckland,,,House,Available,0,,,,,,,-37.0563862,174.9376359,,
4755744,104,,,1630740,,,Bunnythorpe Road,Papakura,2110,Auckland,,,House,Available,0,,,,,,,-37.0564439,174.9560148,,
4755744,104,,,4032752,,,Busing Avenue,Papakura,2110,Auckland,,,House,Available,0,,,,,,,-37.05617755,174.9580319,,
4755744,104,,,3450239,,,Calvert Street,Papakura,2110,Auckland,,,House,Available,0,,,,,,,-37.06907895,174.9587586,,
4755744,104,,,1309193,,,Campbell Place,Papakura,2110,Auckland,,,House,Available,0,,,,,,,-37.05793056,174.9492841,,
4755744,104,,,6588646,,,Captain Rings Drive,Papakura,2110,Auckland,,,House,Available,0,,,,,,,-37.05103741,174.969631347452,,
4755744,104,,,8870954,,,Cargill Street,Papakura,2110,Auckland,,,House,Available,0,,,,,,,-37.05498493,174.9664782,,
4755744,104,,,6689739,,,Chapel Street,Papakura,2110,Auckland,,,House,Available,0,,,,,,,-37.0672232,174.9467493,,
4755744,104,,,2633450,,,Charles Henry Way,Papakura,2110,Auckland,,,House,Available,0,,,,,,,-37.04889308,174.970167241431,,
4755744,104,,,4485604,,,Clayden Shuttleworth Street,Papakura,2110,Auckland,,,House,Available,0,,,,,,,-37.0473845,174.9533789,,
4755744,104,,,5154483,,,Clevedon Road,Papakura,2110,Auckland,,,House,Available,0,,,,,,,-37.06215236,174.9486434,,
4755744,104,,,1190235,,,Coles Crescent,Papakura,2110,Auckland,,,House,Available,0,,,,,,,-37.05783405,174.9395303,,
4755744,104,,,9262564,,,Combat Street,Papakura,2110,Auckland,,,House,Available,0,,,,,,,-37.05769485,174.960322868381,,
4755744,104,,,8358272,,,Command Lane,Papakura,2110,Auckland,,,House,Available,0,,,,,,,-37.05138576,174.942125883718,,
4755744,104,,,3986296,,,Cooper Place,Papakura,2110,Auckland,,,House,Available,0,,,,,,,-37.05163092,174.9614505,,
4755744,104,,,7560009,,,Corkill Place,Papakura,2110,Auckland,,,House,Available,0,,,,,,,-37.05148275,174.949245016152,,
4755744,104,,,1216018,,,Corporal Street,Papakura,2110,Auckland,,,House,Available,0,,,,,,,-37.05769485,174.960322868381,,
4755744,104,,,6438712,,,Cosgrave Road,Papakura,2110,Auckland,,,House,Available,0,,,,,,,-37.05455615,174.9584539,,
4755744,104,,,8339781,,,Courage Road,Papakura,2110,Auckland,,,House,Available,0,,,,,,,-37.0499933,174.9411043,,
4755744,104,,,7406774,,,Crestview Rise,Papakura,2110,Auckland,,,House,Available,0,,,,,,,-37.05942125,174.9744783,,
4755744,104,,,4425821,,,Creswell Lane,Papakura,2110,Auckland,,,House,Available,0,,,,,,,-37.05374155,174.9683341,,
4755744,104,,,8142271,,,Croskery Road,Papakura,2110,Auckland,,,House,Available,0,,,,,,,-37.07182788,174.9624235,,
4755744,104,,,5454654,,,Darley Way,Papakura,2110,Auckland,,,House,Available,0,,,,,,,-37.05333382,174.9647697,,
4755744,104,,,9886730,,,Dignity Street,Papakura,2110,Auckland,,,House,Available,0,,,,,,,-37.05036721,174.9396546,,
4755744,104,,,6133765,,,Dittmer Place,Papakura,2110,Auckland,,,House,Available,0,,,,,,,-37.05011038,174.9377205,,
4755744,104,,,5421093,,,Don Street,Papakura,2110,Auckland,,,House,Available,0,,,,,,,-37.05730687,174.9376795,,
4755744,104,,,9932039,,,Duke Street,Papakura,2110,Auckland,,,House,Available,0,,,,,,,-37.06525355,174.9410185,,
4755744,104,,,3939047,,,Edmund Hillary Avenue,Papakura,2110,Auckland,,,House,Available,0,,,,,,,-37.05898001,174.9546831,,
4755744,104,,,4379347,,,Emmerdale Avenue,Papakura,2110,Auckland,,,House,Available,0,,,,,,,-37.06279097,174.9710688,,
4755744,104,,,4568651,,,Ettrick Lane,Papakura,2110,Auckland,,,House,Available,0,,,,,,,-37.0579747,174.9688083,,
4755744,104,,,1501815,,,Evans Place,Papakura,2110,Auckland,,,House,Available,0,,,,,,,-37.05422,174.962892,,
4755744,104,,,6310311,,,Fairdale Avenue,Papakura,2110,Auckland,,,House,Available,0,,,,,,,-37.06502475,174.968007221491,,
4755744,104,,,2902558,,,Farmland Road,Papakura,2110,Auckland,,,House,Available,0,,,,,,,-37.05049029,174.9557121,,
4755744,104,,,2334616,,,Fermi Lane,Papakura,2110,Auckland,,,House,Available,0,,,,,,,-37.05293426,174.9671729,,
4755744,104,,,2763547,,,Fernaig Street,Papakura,2110,Auckland,,,House,Available,0,,,,,,,-37.0514996,174.956403266354,,
4755744,104,,,4414897,,,Frazen Avenue,Papakura,2110,Auckland,,,House,Available,0,,,,,,,-37.04999812,174.9670732,,
4755744,104,,,8282940,,,Fredrick Hanson Road,Papakura,2110,Auckland,,,House,Available,0,,,,,,,-37.04838715,174.936938700796,,
4755744,104,,,7231186,,,Gallantry Crescent,Papakura,2110,Auckland,,,House,Available,0,,,,,,,-37.04954711,174.943056,,
4755744,104,,,6884032,,,Gills Avenue,Papakura,2110,Auckland,,,House,Available,0,,,,,,,-37.0600067,174.9314648,,
4755744,104,,,2290779,,,Glenburn Place,Papakura,2110,Auckland,,,House,Available,0,,,,,,,-37.0498649,174.9353449,,
4755744,104,,,3891813,,,Green Street,Papakura,2110,Auckland,,,House,Available,0,,,,,,,-37.06286,174.93743,,
4755744,104,,,8391746,,,Hapai Lane,Papakura,2110,Auckland,,,House,Available,0,,,,,,,-37.0639733,174.954592,,
4755744,104,,,5876841,,,Harper Street,Papakura,2110,Auckland,,,House,Available,0,,,,,,,-37.06553907,174.9612378,,
4755744,104,,,2818847,,,Heard Road,Papakura,2110,Auckland,,,House,Available,0,,,,,,,-37.04879137,174.9743694,,
4755744,104,,,9311402,,,Heathdale Crescent,Papakura,2110,Auckland,,,House,Available,0,,,,,,,-37.06119,174.96857,,
4755744,104,,,8451784,,,Heihei Street,Papakura,2110,Auckland,,,House,Available,0,,,,,,,-37.04666035,174.9521962,,
4755744,104,,,4893734,,,Hill Crescent,Papakura,2110,Auckland,,,House,Available,0,,,,,,,-37.05682243,174.9534028,,
4755744,104,,,7753755,,,Hoia Street,Papakura,2110,Auckland,,,House,Available,0,,,,,,,-37.0476739,174.9540657,,
4755744,104,,,5890479,,,Honour Road,Papakura,2110,Auckland,,,House,Available,0,,,,,,,-37.05163284,174.9440695,,
4755744,104,,,7995583,,,Huahua Crescent,Papakura,2110,Auckland,,,House,Available,0,,,,,,,-37.04909563,174.9726424,,
4755744,104,,,1422462,,,Huritao Lane,Papakura,2110,Auckland,,,House,Available,0,,,,,,,-37.05012336,174.960189,,
4755744,104,,,1454880,,,Imjin Place,Papakura,2110,Auckland,,,House,Available,0,,,,,,,-37.05464983,174.9456943,,
4755744,104,,,4449860,,,Infantry Lane,Papakura,2110,Auckland,,,House,Available,0,,,,,,,-37.05042571,174.9444165,,
4755744,104,,,3283080,,,Ingram Street,Papakura,2110,Auckland,,,House,Available,0,,,,,,,-37.05958571,174.942725,,
4755744,104,,,6757698,,,Jack Farrell Place,Papakura,2110,Auckland,,,House,Available,0,,,,,,,-37.06139922,174.9680526,,
4755744,104,,,5006443,,,John Burn Road,Papakura,2110,Auckland,,,House,Available,0,,,,,,,-37.0451619,174.9482052,,
4755744,104,,,4711330,,,Kaipara Road,Papakura,2110,Auckland,,,House,Available,0,,,,,,,-37.0555171,174.97337426836,,
4755744,104,,,6810886,,,Kapuarangi Lane,Papakura,2110,Auckland,,,House,Available,0,,,,,,,-37.04915417,174.9710069,,
4755744,104,,,7856457,,,Keeney Court,Papakura,2110,Auckland,,,House,Available,0,,,,,,,-37.06068977,174.9496146,,
4755744,104,,,5657450,,,Kerry Place,Papakura,2110,Auckland,,,House,Available,0,,,,,,,-37.06192872,174.9612461,,
4755744,104,,,8881400,,,Kirikiri Drive,Papakura,2110,Auckland,,,House,Available,0,,,,,,,-37.0556948,174.943844623099,,
4755744,104,,,4675165,,,Kokako Rise,Papakura,2110,Auckland,,,House,Available,0,,,,,,,-37.05805558,174.9743371,,
4755744,104,,,4924884,,,Korakora Lane,Papakura,2110,Auckland,,,House,Available,0,,,,,,,-37.06891895,174.94698,,
4755744,104,,,7541787,,,Kukutai Lane,Papakura,2110,Auckland,,,House,Available,0,,,,,,,-37.05699665,174.9414183,,
4755744,104,,,6851491,,,Lamborn Drive,Papakura,2110,Auckland,,,House,Available,0,,,,,,,-37.05179,174.96559,,
4755744,104,,,2562840,,,Lansdown Place,Papakura,2110,Auckland,,,House,Available,0,,,,,,,-37.06199003,174.9706887,,
4755744,104,,,8599143,,,Lauren Grove,Papakura,2110,Auckland,,,House,Available,0,,,,,,,-37.05,174.9757095,,
4755744,104,,,7742018,,,Laurie Avenue,Papakura,2110,Auckland,,,House,Available,0,,,,,,,-37.06220778,174.9540663,,
4755744,104,,,9544250,,,Leadership Crescent,Papakura,2110,Auckland,,,House,Available,0,,,,,,,-37.05032525,174.943878693454,,
4755744,104,,,8771853,,,Liberation Road,Papakura,2110,Auckland,,,House,Available,0,,,,,,,-37.04888915,174.9426269,,
4755744,104,,,8113192,,,Liddesdale Place,Papakura,2110,Auckland,,,House,Available,0,,,,,,,-37.0590741,174.968714213969,,
4755744,104,,,2322488,,,Lieutenant Lane,Papakura,2110,Auckland,,,House,Available,0,,,,,,,-37.04864488,174.9435095,,
4755744,104,,,1008623,,,Loris Place,Papakura,2110,Auckland,,,House,Available,0,,,,,,,-37.0623035,174.9700076,,
4755744,104,,,9485611,,,Maadi Place,Papakura,2110,Auckland,,,House,Available,0,,,,,,,-37.05438,174.94776,,
4755744,104,,,6814894,,,Mangatiti Street,Papakura,2110,Auckland,,,House,Available,0,,,,,,,-37.05152008,174.964065195666,,
4755744,104,,,4296896,,,Margaret Street,Papakura,2110,Auckland,,,House,Available,0,,,,,,,-37.06119268,174.945915,,
4755744,104,,,1419831,,,Margaret Williams Drive,Papakura,2110,Auckland,,,House,Available,0,,,,,,,-37.07343333,174.9631451,,
4755744,104,,,4906974,,,Markedo Place,Papakura,2110,Auckland,,,House,Available,0,,,,,,,-37.07034158,174.965048,,
4755744,104,,,1912154,,,Marne Road,Papakura,2110,Auckland,,,House,Available,0,,,,,,,-37.063784,174.9489701,,
4755744,104,,,2308667,,,Marples Place,Papakura,2110,Auckland,,,House,Available,0,,,,,,,-37.06191545,174.9743554,,
4755744,104,,,9965035,,,Matheson Street,Papakura,2110,Auckland,,,House,Available,0,,,,,,,-37.05216672,174.9496023,,
4755744,104,,,5999860,,,Maurice Street,Papakura,2110,Auckland,,,House,Available,0,,,,,,,-37.06154658,174.9607653,,
4755744,104,,,2877589,,,Melgran Avenue,Papakura,2110,Auckland,,,House,Available,0,,,,,,,-37.04971699,174.9683851,,
4755744,104,,,7579448,,,Menary Street,Papakura,2110,Auckland,,,House,Available,0,,,,,,,-37.06464354,174.9397646,,
4755744,104,,,2676377,,,Mettle Lane,Papakura,2110,Auckland,,,House,Available,0,,,,,,,-37.04996351,174.944152,,
4755744,104,,,5476698,,,Military Lane,Papakura,2110,Auckland,,,House,Available,0,,,,,,,-37.05041353,174.9527483,,
4755744,104,,,3697832,,,Millfield Lane,Papakura,2110,Auckland,,,House,Available,0,,,,,,,-37.05304456,174.965192435996,,
4755744,104,,,8020383,,,Milson Drive,Papakura,2110,Auckland,,,House,Available,0,,,,,,,-37.0556948,174.943844623099,,
4755744,104,,,4322811,,,Minhas Road,Papakura,2110,Auckland,,,House,Available,0,,,,,,,-37.05996,174.94454,,
4755744,104,,,7161395,,,Montana Place,Papakura,2110,Auckland,,,House,Available,0,,,,,,,-37.057931,174.9492838,,
4755744,104,,,1430002,,,Mountbatten Place,Papakura,2110,Auckland,,,House,Available,0,,,,,,,-37.05853172,174.9624341,,
4755744,104,,,4776619,,,Nagra Lane,Papakura,2110,Auckland,,,House,Available,0,,,,,,,-37.05491755,174.9550463,,
4755744,104,,,9005539,,,Nola Dawn Avenue,Papakura,2110,Auckland,,,House,Available,0,,,,,,,-37.04899143,174.9683445,,
4755744,104,,,5742592,,,Nykki Place,Papakura,2110,Auckland,,,House,Available,0,,,,,,,-37.05965613,174.9703237,,
4755744,104,,,9663129,,,Ohiwa Road,Papakura,,Auckland,,,House,Available,0,,,,,,,-37.05234603,174.9816649,,
4755744,104,,,6432742,,,Okawa Avenue,Papakura,2110,Auckland,,,House,Available,0,,,,,,,-37.05310875,174.9664272,,
4755744,104,,,2823317,,,Old Villa Way,Papakura,2110,Auckland,,,House,Available,0,,,,,,,-37.06588181,174.9604814,,
4755744,104,,,3712860,,,Old Wairoa Road,Papakura,2110,Auckland,,,House,Available,0,,,,,,,-37.05735505,174.9415121,,
4755744,104,,,4905608,,,Olympic Place,Papakura,2110,Auckland,,,House,Available,0,,,,,,,-37.05667015,174.9472766,,
4755744,104,,,4511226,,,Ope Taua Street,Papakura,2110,Auckland,,,House,Available,0,,,,,,,-37.04703167,174.9481076,,
4755744,104,,,3388841,,,Oregon Place,Papakura,2110,Auckland,,,House,Available,0,,,,,,,-37.0710258,174.9529961,,
4755744,104,,,2206812,,,Orion Street,Papakura,2110,Auckland,,,House,Available,0,,,,,,,-37.06962096,174.9531699,,
4755744,104,,,8879018,,,Osborne Place,Papakura,2110,Auckland,,,House,Available,0,,,,,,,-37.0697496,174.9565478,,
4755744,104,,,7578168,,,O'Shannessey Street,Papakura,2110,Auckland,,,House,Available,0,,,,,,,-37.0602465,174.9424449,,
4755744,104,,,4559560,,,Pakaraka Drive,Papakura,2110,Auckland,,,House,Available,0,,,,,,,-37.05305336,174.9680926,,
4755744,104,,,7256152,,,Papauma Place,Papakura,2110,Auckland,,,House,Available,0,,,,,,,-37.0617685,174.9737653,,
4755744,104,,,1750476,,,Papaview Road,Papakura,2110,Auckland,,,House,Available,0,,,,,,,-37.05149241,174.9684353,,
4755744,104,,,7969245,,,Parachute Crescent,Papakura,2110,Auckland,,,House,Available,0,,,,,,,-37.04873315,174.943751143606,,
4755744,104,,,3366497,,,Parahau Road,Papakura,2110,Auckland,,,House,Available,0,,,,,,,-37.05996,174.94454,,
4755744,104,,,4959847,,,Paretaiuru Crescent,Papakura,2110,Auckland,,,House,Available,0,,,,,,,-37.0529217,174.94768991006,,
4755744,104,,,4151281,,,Parker Street,Papakura,2110,Auckland,,,House,Available,0,,,,,,,-37.05769485,174.960322868381,,
4755744,104,,,9702098,,,Pasla Close,Papakura,2110,Auckland,,,House,Available,0,,,,,,,-37.06792248,174.942614,,
4755744,104,,,5664198,,,Patea Place,Papakura,2110,Auckland,,,House,Available,0,,,,,,,-37.057931,174.9492838,,
4755744,104,,,9272042,,,Pembrook Street,Papakura,2110,Auckland,,,House,Available,0,,,,,,,-37.05736829,174.962282,,
4755744,104,,,4122445,,,Pohuehue Lane,Papakura,2110,Auckland,,,House,Available,0,,,,,,,-37.05035778,174.9602623,,
4755744,104,,,5044186,,,Poruru Close,Papakura,2110,Auckland,,,House,Available,0,,,,,,,-37.0601035,174.975592756748,,
4755744,104,,,2523867,,,Pratt Street,Papakura,2110,Auckland,,,House,Available,0,,,,,,,-37.06856065,174.951307,,
4755744,104,,,5449041,,,President Avenue,Papakura,2110,Auckland,,,House,Available,0,,,,,,,-37.0592697,174.9639005,,
4755744,104,,,1951797,,,Prosper Way,Papakura,2110,Auckland,,,House,Available,0,,,,,,,-37.06455612,174.9622815,,
4755744,104,,,7885599,,,Pukeroa Place,Papakura,2110,Auckland,,,House,Available,0,,,,,,,-37.0506348,174.9594379,,
4755744,104,,,7545868,,,Putiputi Way,Papakura,2110,Auckland,,,House,Available,0,,,,,,,-37.06042095,174.975248963401,,
4755744,104,,,2003083,,,Queen Street,Papakura,2110,Auckland,,,House,Available,0,,,,,,,-37.0621142,174.9387591,,
4755744,104,,,4743018,,,Railway Street West,Papakura,2110,Auckland,,,House,Available,0,,,,,,,-37.0674513,174.9474244,,
4755744,104,,,9236724,,,Ray Small Drive,Papakura,2110,Auckland,,,House,Available,0,,,,,,,-37.06381056,174.9365358,,
4755744,104,,,4633766,,,Recovery Road,Papakura,2110,Auckland,,,House,Available,0,,,,,,,-37.04838715,174.936938700796,,
4755744,104,,,2380843,,,Regiment Road,Papakura,2110,Auckland,,,House,Available,0,,,,,,,-37.05107514,174.9437059,,
4755744,104,,,8474230,,,Renwick Street,Papakura,2110,Auckland,,,House,Available,0,,,,,,,-37.05785965,174.9466138,,
4755744,104,,,9088835,,,Resolute Way,Papakura,2110,Auckland,,,House,Available,0,,,,,,,-37.0651625,174.9581204,,
4755744,104,,,8595805,,,Rice Crescent,Papakura,2110,Auckland,,,House,Available,0,,,,,,,-37.05462798,174.9608415,,
4755744,104,,,6059426,,,Riroriro Close,Papakura,2110,Auckland,,,House,Available,0,,,,,,,-37.05147766,174.9528712,,
4755744,104,,,2488634,,,Roku Place,Papakura,2110,Auckland,,,House,Available,0,,,,,,,-37.057931,174.9492838,,
4755744,104,,,2828982,,,Rollerson Street,Papakura,2110,Auckland,,,House,Available,0,,,,,,,-37.05666732,174.9581655,,
4755744,104,,,6186747,,,Romilly Court,Papakura,2110,Auckland,,,House,Available,0,,,,,,,-37.059386,174.969109133378,,
4755744,104,,,5190606,,,Ron Keat Drive,Papakura,2110,Auckland,,,House,Available,0,,,,,,,-37.06491,174.94742,,
4755744,104,,,1469565,,,Russell Avenue,Papakura,2110,Auckland,,,House,Available,0,,,,,,,-37.05085578,174.936904,,
4755744,104,,,8151423,,,Saddleback Crescent,Papakura,2110,Auckland,,,House,Available,0,,,,,,,-37.05103287,174.9509592,,
4755744,104,,,4818812,,,Settlement Road,Papakura,2110,Auckland,,,House,Available,0,,,,,,,-37.065978,174.957113363349,,
4755744,104,,,4460822,,,Sheehan Avenue,Papakura,2110,Auckland,,,House,Available,0,,,,,,,-37.0608256,174.9612408,,
4755744,104,,,7066658,,,Shepherds Road,Papakura,2110,Auckland,,,House,Available,0,,,,,,,-37.05739758,174.9295229,,
4755744,104,,,6410919,,,Shirley Avenue,Papakura,2110,Auckland,,,House,Available,0,,,,,,,-37.0553727,174.9492145,,
4755744,104,,,3460755,,,Smiths Avenue,Papakura,2110,Auckland,,,House,Available,0,,,,,,,-37.06700354,174.9530265,,
4755744,104,,,2410121,,,Snell Avenue,Papakura,2110,Auckland,,,House,Available,0,,,,,,,-37.05847915,174.9470327,,
4755744,104,,,2591311,,,Stitchbird Crescent,Papakura,2110,Auckland,,,House,Available,0,,,,,,,-37.0517909,174.950951,,
4755744,104,,,4998931,,,Sunburst Street,Papakura,2110,Auckland,,,House,Available,0,,,,,,,-37.05309775,174.9500386,,
4755744,104,,,9766943,,,Sunshine Place,Papakura,2110,Auckland,,,House,Available,0,,,,,,,-37.05854877,174.935246,,
4755744,104,,,6546279,,,Swamp Kauri Grove,Papakura,2110,Auckland,,,House,Available,0,,,,,,,-37.05059137,174.9430521,,
4755744,104,,,8700871,,,Taiaha Street,Papakura,2110,Auckland,,,House,Available,0,,,,,,,-37.05996,174.94454,,
4755744,104,,,9062183,,,Tarapuke Lane,Papakura,2110,Auckland,,,House,Available,0,,,,,,,-37.04849221,174.9707147,,
4755744,104,,,7692707,,,Tauarai Place,Papakura,2110,Auckland,,,House,Available,0,,,,,,,-37.0562179,174.9403143,,
4755744,104,,,5842971,,,Te Akitai Green,Papakura,2110,Auckland,,,House,Available,0,,,,,,,-37.0509014,174.9397919,,
4755744,104,,,1203728,,,Te Aparangi Crescent,Papakura,2110,Auckland,,,House,Available,0,,,,,,,-37.0504786,174.9389166,,
4755744,104,,,3582255,,,Te Aparangi Road,Papakura,2110,Auckland,,,House,Available,0,,,,,,,-37.0504786,174.9389166,,
4755744,104,,,9642292,,,Te Aramanu Crescent,Papakura,2110,Auckland,,,House,Available,0,,,,,,,-37.04820758,174.9724403,,
4755744,104,,,9925793,,,Te Kaapia Road,Papakura,2110,Auckland,,,House,Available,0,,,,,,,-37.04618912,174.952011,,
4755744,104,,,5875309,,,Te Rauroha Street,Papakura,2110,Auckland,,,House,Available,0,,,,,,,-37.05996,174.94454,,
4755744,104,,,3276245,,,Tensing Place,Papakura,2110,Auckland,,,House,Available,0,,,,,,,-37.06744823,174.955275601924,,
4755744,104,,,8880409,,,Tiel Lane,Papakura,2110,Auckland,,,House,Available,0,,,,,,,-37.0652744,174.9640054,,
4755744,104,,,4770691,,,Tilbrook Place,Papakura,2110,Auckland,,,House,Available,0,,,,,,,-37.0607117,174.9681388,,
4755744,104,,,2662646,,,Trentham Road,Papakura,2110,Auckland,,,House,Available,0,,,,,,,-37.05519502,174.9348167,,
4755744,104,,,7873115,,,Troop Road,Papakura,2110,Auckland,,,House,Available,0,,,,,,,-37.0467178,174.9427654,,
4755744,104,,,9477449,,,Tukauri Place,Papakura,2110,Auckland,,,House,Available,0,,,,,,,-37.04662,174.95111,,
4755744,104,,,5081435,,,Tumu Road,Papakura,2110,Auckland,,,House,Available,0,,,,,,,-37.04949952,174.9555282,,
4755744,104,,,9416896,,,Turehu Road,Papakura,2110,Auckland,,,House,Available,0,,,,,,,-37.0501794,174.9404916,,
4755744,104,,,5971020,,,Tuwhare Street,Papakura,2110,Auckland,,,House,Available,0,,,,,,,-37.05488797,174.9679258,,
4755744,104,,,1225373,,,Union Street,Papakura,2110,Auckland,,,House,Available,0,,,,,,,-37.0651469,174.9384849,,
4755744,104,,,8063044,,,Valentine Street,Papakura,2110,Auckland,,,House,Available,0,,,,,,,-37.05430667,174.9612211,,
4755744,104,,,8382382,,,Valour Lane,Papakura,2110,Auckland,,,House,Available,0,,,,,,,-37.05215787,174.9474687,,
4755744,104,,,5540876,,,Vernon Street,Papakura,2110,Auckland,,,House,Available,0,,,,,,,-37.0605911,174.9434614,,
4755744,104,,,5424844,,,Vigour Lane,Papakura,2110,Auckland,,,House,Available,0,,,,,,,-37.04931487,174.9438241,,
4755744,104,,,6135747,,,Viola Place,Papakura,2110,Auckland,,,House,Available,0,,,,,,,-37.06437545,174.9583272,,
4755744,104,,,6957391,,,Wahine Street,Papakura,2110,Auckland,,,House,Available,0,,,,,,,-37.05996,174.94454,,
4755744,104,,,3151707,,,Waitaua Street,Papakura,2110,Auckland,,,House,Available,0,,,,,,,-37.05493223,174.939268,,
4755744,104,,,2360655,,,Walsh Road,Papakura,2110,Auckland,,,House,Available,0,,,,,,,-37.04954047,174.9415512,,
4755744,104,,,9634833,,,Waotapuke Place,Papakura,2110,Auckland,,,House,Available,0,,,,,,,-37.0455,174.95045,,
4755744,104,,,2613898,,,Warbler Crescent,Papakura,2110,Auckland,,,House,Available,0,,,,,,,-37.05157343,174.9507485,,
4755744,104,,,2927950,,,Waterview Road East,Papakura,2110,Auckland,,,House,Available,0,,,,,,,-37.0527049,174.936663,,
4755744,104,,,9927131,,,West Street,Papakura,2110,Auckland,,,House,Available,0,,,,,,,-37.06641081,174.9388379,,
4755744,104,,,3426449,,,Wharf Street,Papakura,2110,Auckland,,,House,Available,0,,,,,,,-37.063322,174.9341031,,
4755744,104,,,5136273,,,Willis Road,Papakura,2110,Auckland,,,House,Available,0,,,,,,,-37.0624243,174.9497493,,
4755744,104,,,7381506,,,Wilson Place,Papakura,2110,Auckland,,,House,Available,0,,,,,,,-37.0573235,174.9588563,,
4755744,104,,,9347633,,,Wing Crescent,Papakura,2110,Auckland,,,House,Available,0,,,,,,,-37.0638384,174.9650447,,
4755744,104,,,5569168,,,Winiata Terrace,Papakura,2110,Auckland,,,House,Available,0,,,,,,,-37.0549438,174.9653635,,
4755744,104,,,5176518,,,Wood Street,Papakura,2110,Auckland,,,House,Available,0,,,,,,,-37.06547,174.94505,,
4755744,104,,,4535027,,,Yang Place,Papakura,2110,Auckland,,,House,Available,0,,,,,,,-37.05350805,174.9557739,,
4755744,104,,,2191348,,,Yarrow Lane,Papakura,2110,Auckland,,,House,Available,0,,,,,,,-37.05824445,174.9689989,,
4755744,104,,,8046297,,,Awanui Rise,Red Hill,2110,Auckland,,,House,Available,0,,,,,,,-37.05612442,174.984876064507,,
4755744,104,,,9527420,,,Berlane Place,Red Hill,2110,Auckland,,,House,Available,0,,,,,,,-37.07037993,174.96341145811,,
4755744,104,,,3053731,,,Carisbrook Crescent,Red Hill,2110,Auckland,,,House,Available,0,,,,,,,-37.0642054,174.9682025,,
4755744,104,,,7434083,,,Crestlands Place,Red Hill,2110,Auckland,,,House,Available,0,,,,,,,-37.0628639,174.972115292707,,
4755744,104,,,9770650,,,Duckworth Road,Red Hill,2110,Auckland,,,House,Available,0,,,,,,,-37.0628155,174.9713403,,
4755744,104,,,9774273,,,Eastburn Street,Red Hill,2110,Auckland,,,House,Available,0,,,,,,,-37.06342456,174.962973832303,,
4755744,104,,,1998796,,,Harrier Place,Red Hill,2110,Auckland,,,House,Available,0,,,,,,,-37.06221145,174.96467375881,,
4755744,104,,,3930424,,,Heketara Place,Red Hill,2110,Auckland,,,House,Available,0,,,,,,,-37.06094975,174.97502515,,
4755744,104,,,7204917,,,Holcroft Street,Red Hill,2110,Auckland,,,House,Available,0,,,,,,,-37.05548878,174.968651572929,,
4755744,104,,,7675984,,,Kereru Rise,Red Hill,2110,Auckland,,,House,Available,0,,,,,,,-37.05843953,174.972206768659,,
4755744,104,,,1175587,,,Kotahitanga Street,Red Hill,2110,Auckland,,,House,Available,0,,,,,,,-37.06229865,174.972966958035,,
4755744,104,,,8315601,,,Liddy Place,Red Hill,2110,Auckland,,,House,Available,0,,,,,,,-37.0630413,174.962646052852,,
4755744,104,,,1473488,,,Mcentee Street,Red Hill,2110,Auckland,,,House,Available,0,,,,,,,-37.06448052,174.962561959474,,
4755744,104,,,7325273,,,Orpheus Place,Red Hill,2110,Auckland,,,House,Available,0,,,,,,,-37.05658108,174.966280094272,,
4755744,104,,,9886462,,,Perkins Street,Red Hill,2110,Auckland,,,House,Available,0,,,,,,,-37.05552443,174.967941726621,,
4755744,104,,,5045691,,,Stewart Street,Red Hill,2110,Auckland,,,House,Available,0,,,,,,,-37.0570584,174.9631465,,
4755744,104,,,7876069,,,Strummers Lane,Red Hill,2110,Auckland,,,House,Available,0,,,,,,,-37.0548709,174.9674025,,
4755744,104,,,3381741,,,Tanah Merah Drive,Red Hill,2110,Auckland,,,House,Available,0,,,,,,,-37.06674335,174.977790724702,,
4755744,104,,,1387964,,,Wesleydale Place,Red Hill,2110,Auckland,,,House,Available,0,,,,,,,-37.06182912,174.971845511757,,
4755744,104,,,3920927,,,Arion Road,Takanini,2112,Auckland,,,House,Available,0,,,,,,,-37.0544886,174.931909463795,,
4755744,104,,,7627005,,,Earlywood Road,Takanini,2112,Auckland,,,House,Available,0,,,,,,,-37.0544886,174.931909463795,,
4755744,104,,,2287586,,,Gum Spear Road,Takanini,2112,Auckland,,,House,Available,0,,,,,,,-37.0544886,174.931909463795,,
4755744,104,,,2215435,,,Kanono Road,Takanini,2112,Auckland,,,House,Available,0,,,,,,,-37.0544886,174.931909463795,,
4755744,104,,,5693913,,,Katipo Road,Takanini,2112,Auckland,,,House,Available,0,,,,,,,-37.0544886,174.931909463795,,
4755744,104,,,9151141,,,Koroheke Road,Takanini,2112,Auckland,,,House,Available,0,,,,,,,-37.0544886,174.931909463795,,
4755744,104,,,8644504,,,Opoka Street,Takanini,2110,Auckland,,,House,Available,0,,,,,,,-37.04519,174.95242,,
4755744,104,,,8668673,,,Takanini Road,Takanini,2112,Auckland,,,House,Available,0,,,,,,,-37.0544886,174.931909463795,,
4755744,104,,,8805239,,,Taukari Road,Takanini,2112,Auckland,,,House,Available,0,,,,,,,-37.0544886,174.931909463795,,
4755744,104,,,8900419,,,Tironui Station Road East,Takanini,2112,Auckland,,,House,Available,0,,,,,,,-37.0499904,174.9333379,,
